ABARTH,500
ABARTH,PUNTO
AC,COBRA
ACURA,INTEGRA
ACURA,MDX
AEON,COBRA
AIXAM,400
AIXAM,500
AIXAM,540
AIXAM,A721
AIXAM,CROSSLINE
AIXAM,MEGA VAN
ALFA-ROMEO,145
ALFA-ROMEO,145
ALFA-ROMEO,146
ALFA-ROMEO,146
ALFA-ROMEO,147
ALFA-ROMEO,155
ALFA-ROMEO,156
ALFA-ROMEO,159
ALFA-ROMEO,164
ALFA-ROMEO,166
ALFA-ROMEO,33
ALFA-ROMEO,75
ALFA-ROMEO,8C COMPETIZIONE
ALFA-ROMEO,ALFASUD
ALFA-ROMEO,ALFETTA
ALFA-ROMEO,BERLINA
ALFA-ROMEO,BRERA
ALFA-ROMEO,GIULIA
ALFA-ROMEO,GIULIETTA
ALFA-ROMEO,GT
ALFA-ROMEO,GTV
ALFA-ROMEO,GTV
ALFA-ROMEO,MITO
ALFA-ROMEO,SPIDER
ALFA-ROMEO,SPRINT
ALFA-ROMEO,VENTO
ALPINA,B10
ALPINA,B11
ALPINA,B3
ALPINA,B5
ALPINA,D3
ALPINE-RENAULT,A310
AMC JEEP,AMBASSADOR
AMC JEEP,CONCORD
AMC JEEP,EAGLE
ASIA-MOTORS,HI-TOPIC
ASIA-MOTORS,ROCSTA
ASTON-MARTIN,DB7
ASTON-MARTIN,DB9
ASTON-MARTIN,DBS
ASTON-MARTIN,LAGONDA
ASTON-MARTIN,RAPIDE
ASTON-MARTIN,V12 VANQUISH
ASTON-MARTIN,V12 VANTAGE
ASTON-MARTIN,V8
ASTON-MARTIN,V8 VANTAGE
ASTON-MARTIN,VANQUISH
ASTON-MARTIN,VANTAGE
ASTON-MARTIN,VIRAGE
AUDI,100
AUDI,200
AUDI,80
AUDI,90
AUDI,A1
AUDI,A2
AUDI,A3
AUDI,A3/S3
AUDI,A4
AUDI,A4 ALLROAD
AUDI,A4/S4
AUDI,A5
AUDI,A6
AUDI,A6 ALLROAD
AUDI,A6/S6
AUDI,A8
AUDI,A8/S8
AUDI,CABRIOLET
AUDI,COUPE
AUDI,MUNGA
AUDI,Q5
AUDI,Q7
AUDI,R8
AUDI,S5
AUDI,S8
AUDI,TT
AUDI,V8
AUSTIN,1300
AUSTIN,ALLEGRO
AUSTIN,ASCOT 12
AUSTIN,HEALEY
AUSTIN,METRO
AUSTIN,MINI
AUTOBIANCHI,A112
BAKUS,GKT400
BARKAS,B1000
BEDFORD,KAMPEERAUTO
BELLIER,DIVANE
BELLIER,DOCKER
BELLIER,OPALE
BENTLEY,ARNAGE
BENTLEY,AZURE
BENTLEY,BROOKLANDS
BENTLEY,CONTINENTAL
BENTLEY,CONTINENTAL FLYING SPUR
BENTLEY,CONTINENTAL GT
BENTLEY,CONTINENTAL GTC
BENTLEY,CONTINENTAL SUPERSPORTS
BENTLEY,EIGHT
BENTLEY,MULSANNE
BENTLEY,TURBO-R
BERTONE,X1
BIEBER,MAPLEX
BITTER,SC
BMW,1-SERIE
BMW,2000
BMW,2002
BMW,2500
BMW,3-SERIE
BMW,3.0
BMW,5-SERIE
BMW,6-SERIE
BMW,7-SERIE
BMW,8-SERIE
BMW,X1
BMW,X3
BMW,X5
BMW,X6
BMW,Z REIHE
BMW,Z1
BMW,Z3
BMW,Z4
BMW,Z8
BMW-ALPINA,B10
BMW-ALPINA,B3
BMW-ALPINA,D3
BOONACKER,200 VERLENGD
BORGWARD,H1500 ISABELLA COUPE
BRISTOL,KSW
BUGATTI,EB-110
BUGATTI,VEYRON
BUICK,CENTURY
BUICK,ELECTRA
BUICK,LE-SABRE
BUICK,PARK-AVENUE
BUICK,REATTA
BUICK,REGAL
BUICK,RIVIERA
BUICK,ROADMASTER
BUICK,SKYLARK
BUICK,SPECIAL
BUICK,WILDCAT
CADILLAC,BLS
CADILLAC,COUPE-DE-VILLE
CADILLAC,CTS
CADILLAC,ELDORADO
CADILLAC,ESCALADE
CADILLAC,FLEETWOOD
CADILLAC,SEDAN-DE-VILLE
CADILLAC,SEVILLE
CADILLAC,SRX
CADILLAC,STS
CADILLAC,XLR
CATERHAM,SUPER-SEVEN
CHATENET,BAROODER
CHATENET,CH22
CHATENET,MEDIA
CHATENET,STELLA
CHEVROLET,3200
CHEVROLET,ALERO
CHEVROLET,APACHE
CHEVROLET,ASTRO
CHEVROLET,AVALANCHE
CHEVROLET,AVEO
CHEVROLET,BEL AIR
CHEVROLET,BERETTA
CHEVROLET,BLAZER
CHEVROLET,C-10
CHEVROLET,CAMARO
CHEVROLET,CAPRICE
CHEVROLET,CAPTIVA
CHEVROLET,CAVALIER
CHEVROLET,CELEBRITY
CHEVROLET,CHEVETTE
CHEVROLET,CHEVY-PICK UP
CHEVROLET,CHEVY-VAN
CHEVROLET,CHEYENNE
CHEVROLET,CORSICA
CHEVROLET,CORVETTE
CHEVROLET,CRUZE
CHEVROLET,EL-CAMINO
CHEVROLET,EPICA
CHEVROLET,EQUINOX
CHEVROLET,EVANDA
CHEVROLET,EXPRESS
CHEVROLET,FG15
CHEVROLET,G20
CHEVROLET,HHR
CHEVROLET,IMPALA
CHEVROLET,K30
CHEVROLET,KALOS
CHEVROLET,LACETTI
CHEVROLET,LUMINA
CHEVROLET,MALIBU
CHEVROLET,MATIZ
CHEVROLET,MONTE-CARLO
CHEVROLET,MONZA
CHEVROLET,NOVA
CHEVROLET,NUBIRA
CHEVROLET,ORLANDO
CHEVROLET,PANEL VAN
CHEVROLET,S10
CHEVROLET,SILVERADO
CHEVROLET,SPARK
CHEVROLET,SSR
CHEVROLET,SUBURBAN
CHEVROLET,TACUMA
CHEVROLET,TAHOE
CHEVROLET,TRACKER
CHEVROLET,TRAILBLAZER
CHEVROLET,TRANS SPORT
CHEVROLET,TRANS-SPORT
CHEVROLET,UPLANDER
CHEVROLET,VANGUARD
CHEVROLET,VENTURE
CHRYSLER,300C
CHRYSLER,300M
CHRYSLER,CIRRUS
CHRYSLER,CONCORDE
CHRYSLER,CORDOBA
CHRYSLER,CROSSFIRE
CHRYSLER,GRAND VOYAGER
CHRYSLER,GRAND-CARAVAN
CHRYSLER,LE-BARON
CHRYSLER,MAGNUM
CHRYSLER,NEON
CHRYSLER,NEW YORKER
CHRYSLER,PACIFICA
CHRYSLER,PT CRUISER
CHRYSLER,SARATOGA
CHRYSLER,SEBRING
CHRYSLER,STRATUS
CHRYSLER,TOWN AND COUNTRY
CHRYSLER,VARIANT
CHRYSLER,VIPER
CHRYSLER,VISION
CHRYSLER,VOYAGER
CHRYSLER,WRANGLER
CHRYSLER-SIMCA,2
CITROEN,2CV
CITROEN,ACADIANE
CITROEN,AMI
CITROEN,AX
CITROEN,BERLINGO
CITROEN,BX
CITROEN,C-CROSSER
CITROEN,C-ZERO
CITROEN,C1
CITROEN,C15
CITROEN,C2
CITROEN,C3
CITROEN,C3 PICASSO
CITROEN,C35
CITROEN,C4
CITROEN,C4 PICASSO
CITROEN,C5
CITROEN,C6
CITROEN,C8
CITROEN,CX
CITROEN,DS
CITROEN,DS3
CITROEN,DYANE
CITROEN,EVASION
CITROEN,GS
CITROEN,GSA
CITROEN,HY
CITROEN,JUMPER
CITROEN,JUMPY
CITROEN,NEMO
CITROEN,SAXO
CITROEN,SM
CITROEN,TRACTION AVANT
CITROEN,VISA
CITROEN,XANTIA
CITROEN,XM
CITROEN,XSARA
CITROEN,XSARA PICASSO
CITROEN,ZX
CLENET,I
COMMER,KCH
CORVETTE,C4
CORVETTE,C5
CORVETTE,C6
DACIA,DUSTER
DACIA,LOGAN
DACIA,SANDERO
DAEWOO,ESPERO
DAEWOO,EVANDA
DAEWOO,KALOS
DAEWOO,LACETTI
DAEWOO,LANOS
DAEWOO,LEGANZA
DAEWOO,MATIZ
DAEWOO,MUSSO
DAEWOO,NEXIA
DAEWOO,NUBIRA
DAEWOO,TACUMA
DAF,1900
DAF,33
DAF,400-SERIE
DAF,44
DAF,45
DAF,46
DAF,55
DAF,600
DAF,66
DAF,75
DAF,95
DAF,AE45CE
DAF,AE75PC
DAF,AE75RC
DAF,CF-SERIE
DAF,FT
DAF,YA-126
DAIHATSU,APPLAUSE
DAIHATSU,CHARADE
DAIHATSU,COPEN
DAIHATSU,CUORE
DAIHATSU,FEROZA
DAIHATSU,GRAN MOVE
DAIHATSU,HIJET
DAIHATSU,MATERIA
DAIHATSU,MOVE
DAIHATSU,ROCKY
DAIHATSU,SIRION
DAIHATSU,TAFT
DAIHATSU,TERIOS
DAIHATSU,TREVIS
DAIHATSU,VALERA
DAIHATSU,YOUNG RV
DAIMLER,2.5 L V8
DAIMLER,3.6
DAIMLER,4.0
DAIMLER,4.2
DAIMLER,DOUBLE-SIX
DAIMLER,SIX
DAIMLER,SOVEREIGN
DAIMLER,SUPER V8
DAIMLER,SUPER-EIGHT
DATSUN,BLUEBIRD
DATSUN,SUNNY
DAX,RUSH
DAX,TOJEIRO
DIAMOND T,DIAMOND
DODGE,600
DODGE,AVENGER
DODGE,CALIBER
DODGE,CARAVAN
DODGE,CHARGER
DODGE,CUSTOM ROYAL LANCER
DODGE,D200
DODGE,DAKOTA
DODGE,DART
DODGE,DURANGO
DODGE,GRAND-CARAVAN
DODGE,JOURNEY
DODGE,MAGNUM
DODGE,MINI-RAM
DODGE,NEON
DODGE,NITRO
DODGE,PIONEER
DODGE,RAM
DODGE,RAM
DODGE,RAM-PICK-UP
DODGE,RAM-VAN
DODGE,SHADOW
DODGE,SPIRIT
DODGE,SRT-4
DODGE,STEALTH
DODGE,STRATUS
DODGE,VIPER
DODGE,W200
DODGE-MIDAS,226 KAMPEERAUTO
DONKERVOORT,D8
DONKERVOORT,S8
DUTTON,ESTATE
EAGLE,VISION
EBRO,E-60
FERRARI,308
FERRARI,328
FERRARI,348
FERRARI,355
FERRARI,356 DAYTONA
FERRARI,360
FERRARI,456
FERRARI,458
FERRARI,550
FERRARI,550 MARANELLO
FERRARI,575
FERRARI,575M MARANELLO
FERRARI,599
FERRARI,612
FERRARI,612 SCAGLIETTI
FERRARI,CALIFORNIA
FERRARI,ENZO
FERRARI,F355
FERRARI,F430
FERRARI,MONDIAL
FERRARI,TESTAROSSA
FIAT,124
FIAT,126
FIAT,127
FIAT,128
FIAT,1300
FIAT,131
FIAT,132
FIAT,178E
FIAT,230
FIAT,500
FIAT,600
FIAT,850
FIAT,900
FIAT,BARCHETTA
FIAT,BARCHETTA
FIAT,BRAVA
FIAT,BRAVO
FIAT,CINQUECENTO
FIAT,COUPE
FIAT,CROMA
FIAT,DOBLO
FIAT,DUCATO
FIAT,FIORINO
FIAT,FREEMONT
FIAT,GRANDE-PUNTO
FIAT,IDEA
FIAT,MAREA
FIAT,MC35T
FIAT,MULTIPLA
FIAT,PALIO
FIAT,PANDA
FIAT,PUNTO
FIAT,QUBO
FIAT,REGATA
FIAT,SCUDO
FIAT,SEDICI
FIAT,SEICENTO
FIAT,SPIDER
FIAT,STILO
FIAT,STRADA
FIAT,TEMPRA
FIAT,TIPO
FIAT,ULYSSE
FIAT,UNO
FIAT,X 1/9
FISKER,KARMA
FORD,A-FORD
FORD,AEROSTAR
FORD,ALF
FORD,ASPIRE
FORD,BRONCO
FORD,C-MAX
FORD,CAPRI
FORD,CARGO
FORD,CLASSIC
FORD,CONTOUR
FORD,COUGAR
FORD,COURIER
FORD,CROWN VICTORIA
FORD,E-150
FORD,E-350
FORD,E-SERIES
FORD,ECONOLINE
FORD,EDGE
FORD,ESCAPE
FORD,ESCORT
FORD,EXPEDITION
FORD,EXPLORER
FORD,F-100
FORD,F-150
FORD,F-250
FORD,F-350
FORD,F-450
FORD,F-SERIE
FORD,F150
FORD,FIESTA
FORD,FOCUS
FORD,FOCUS C-MAX
FORD,FREESTAR
FORD,FT1000
FORD,FUSION
FORD,GALAXY
FORD,GRANADA
FORD,KA
FORD,KUGA
FORD,LTD
FORD,MAVERICK
FORD,MERCURY GRAND MARQUIS
FORD,MONDEO
FORD,MUSTANG
FORD,NAVIGATOR
FORD,ORION
FORD,POPULAR
FORD,PROBE
FORD,PUMA
FORD,RANGER
FORD,S-MAX
FORD,SCORPIO
FORD,SIERRA
FORD,TAUNUS
FORD,TAURUS
FORD,THUNDERBIRD
FORD,TORINO
FORD,TOURNEO
FORD,TOURNIER
FORD,TOWN CAR
FORD,TRANSIT
FORD,WINDSTAR
FORD-USA,ECONOLINE
FORD-USA,EDGE
FORD-USA,ESCAPE
FORD-USA,EXPEDITION
FORD-USA,EXPLORER
FORD-USA,F-150
FORD-USA,F-250
FORD-USA,F-350
FORD-USA,F-SERIE
FORD-USA,FREESTAR
FORD-USA,MERCURY
FORD-USA,MONDEO
FORD-USA,MUSTANG
FORD-USA,PROBE
FORD-USA,RANGER
FORD-USA,TAURUS
FORD-USA,THUNDERBIRD
FORD-USA,WINDSTAR
G.M.C.,ENVOY
G.M.C.,G20
G.M.C.,JIMMY
G.M.C.,RALLY
G.M.C.,SAFARI
G.M.C.,SAVANA
G.M.C.,SIERRA
G.M.C.,SILVERADO
G.M.C.,SONOMA
G.M.C.,SUBURAI
G.M.C.,SUBURBAN
G.M.C.,TYPHOON
G.M.C.,VANDURA
G.M.C.,YUKON
GALLOPER,GALLOPER
GRECAV SPA,EKE
GSMOON,260
GSMOON,400
GSMOON,800
HANOMAG-HENSCHEL,F20
HANOMAG-HENSCHEL,F25
HESS EN EISENHARDT,CADILLAC BROUGHAM
HOBBY,10
HONDA,ACCORD
HONDA,CIVIC
HONDA,CONCERTO
HONDA,CR-V
HONDA,CR-Z
HONDA,CRX
HONDA,ELEMENT
HONDA,FR-V
HONDA,HR-V
HONDA,INSIGHT
HONDA,INTEGRA
HONDA,JAZZ
HONDA,LEGEND
HONDA,LIFE
HONDA,LOGO
HONDA,NSX
HONDA,ODYSSEY
HONDA,PRELUDE
HONDA,S2000
HONDA,S800
HONDA,SHUTTLE
HONDA,ST
HONDA,STREAM
HUMMER,H1
HUMMER,H2
HUMMER,H3
HYUNDAI,ACCENT
HYUNDAI,ATOS
HYUNDAI,COUPE
HYUNDAI,ELANTRA
HYUNDAI,EXCEL
HYUNDAI,GALLOPER
HYUNDAI,GETZ
HYUNDAI,GRANDEUR
HYUNDAI,H1
HYUNDAI,H100
HYUNDAI,H150
HYUNDAI,H200
HYUNDAI,H200
HYUNDAI,H300
HYUNDAI,H350
HYUNDAI,HIGHWAY-VAN
HYUNDAI,I10
HYUNDAI,I20
HYUNDAI,I30
HYUNDAI,IX20
HYUNDAI,IX35
HYUNDAI,LANTRA
HYUNDAI,MATRIX
HYUNDAI,MAXIVAN
HYUNDAI,PONY
HYUNDAI,SANTA FE
HYUNDAI,SATELLITE
HYUNDAI,SCOUPE
HYUNDAI,SONATA
HYUNDAI,TERRACAN
HYUNDAI,TRAJET
HYUNDAI,TUCSON
HYUNDAI,VELOSTER
HYUNDAI,XG
INFINITI,EX
INFINITI,FX
INFINITI,G
ISUZU,D-MAX
ISUZU,N-SERIE
ISUZU,NPR
ISUZU,RODEO
ISUZU,TFR
ISUZU,TFS
ISUZU,TROOPER
ISUZU,WFR
IVECO,40C
IVECO,50C
IVECO,75E
IVECO,DAILY
IVECO,EURO CARGO
IVECO,MASSIF
JAGUAR,D-TYPE
JAGUAR,E-TYPE
JAGUAR,EXECUTIVE
JAGUAR,MK 10
JAGUAR,MK 2
JAGUAR,S-TYPE
JAGUAR,SOVEREIGN
JAGUAR,X-TYPE
JAGUAR,X300
JAGUAR,XF
JAGUAR,XJ
JAGUAR,XJS
JAGUAR,XK
JAGUAR,XK8
JAGUAR,XKR
JDM,ABACA
JDM,ALBIZIA
JDM,ALOES
JDM,CITY
JDM,TITANE
JEEP,CHEROKEE
JEEP,CJ-5
JEEP,CJ-7
JEEP,CJ-8
JEEP,COMMANDER
JEEP,COMPASS
JEEP,DJ-5
JEEP,GRAND CHEROKEE
JEEP,GRAND WAGONEER
JEEP,LIBERTY
JEEP,PATRIOT
JEEP,WAGONEER
JEEP,WILLY
JEEP,WRANGLER
JIANGLING,LANDWIND
JMC,LANDWIND
KIA,BESTA
KIA,C EED
KIA,CARENS
KIA,CARNIVAL
KIA,CEED
KIA,CERATO
KIA,CLARUS
KIA,JOICE
KIA,MAGENTIS
KIA,MENTOR
KIA,OPIRUS
KIA,PICANTO
KIA,PREGIO
KIA,PRIDE
KIA,RIO
KIA,SEPHIA
KIA,SHUMA
KIA,SORENTO
KIA,SOUL
KIA,SPORTAGE
KIA,VENGA
LADA,110
LADA,111
LADA,112
LADA,KALINA
LADA,NIVA
LADA,PRIORA
LADA,SAMARA
LAMBORGHINI,DIABLO
LAMBORGHINI,GALLARDO
LAMBORGHINI,MURCIELAGO
LANCIA,BETA
LANCIA,DEDRA
LANCIA,DELTA
LANCIA,FULVIA
LANCIA,GAMMA
LANCIA,KAPPA
LANCIA,LYBRA
LANCIA,MUSA
LANCIA,PHEDRA
LANCIA,THEMA
LANCIA,THESIS
LANCIA,Y
LANCIA,Y10
LANCIA,YPSILON
LANCIA,Z
LANCIA,ZETA
LAND-ROVER,DEFENDER
LAND-ROVER,DISCOVERY
LAND-ROVER,FREELANDER
LAND-ROVER,MINERVA
LAND-ROVER,RANGE ROVER
LAND-ROVER,RANGE ROVER EVOQUE
LAND-ROVER,RANGE ROVER SPORT
LANDWIND,CV9
LDV,CONVOY
LDV,MAXUS
LEXUS,GS
LEXUS,IS
LEXUS,LS
LEXUS,RX
LEXUS,SC
LEYLAND,SHERPA
LIGIER,162
LIGIER,AMBRA
LIGIER,BE TWO
LIGIER,BE UP
LIGIER,NOVA
LIGIER,X-PRO
LIGIER,X-TOO
LINCOLN,CONTINENTAL
LINCOLN,LS
LINCOLN,MARK LT
LINCOLN,MARK VII
LINCOLN,MARK VIII
LINCOLN,NAVIGATOR
LINCOLN,TOWN CAR
LOTUS,ELAN
LOTUS,ELISE
LOTUS,ESPRIT
LOTUS,EUROPA
LOTUS,EVORA
LOTUS,EXIGE
LOTUS,OMEGA
MAHINDRA,CJ 540
MAN-VW,12
MAN-VW,15
MAN-VW,18
MAN-VW,19
MAN-VW,L 33
MASERATI,222
MASERATI,224
MASERATI,3200 GT
MASERATI,4200 GT
MASERATI,422
MASERATI,424
MASERATI,BITURBO
MASERATI,GHIBLI
MASERATI,GRANCABRIO
MASERATI,GRANTURISMO
MASERATI,MERAK
MASERATI,QUATTROPORTE
MASERATI,SPYDER
MATRA,BAGHEERA
MATRA,MURENA
MAZDA,121
MAZDA,1300
MAZDA,2
MAZDA,3
MAZDA,323
MAZDA,323F
MAZDA,5
MAZDA,6
MAZDA,626
MAZDA,818
MAZDA,929
MAZDA,B-SERIE
MAZDA,CX-7
MAZDA,CX-9
MAZDA,DEMIO
MAZDA,E-SERIE
MAZDA,FAMILIA
MAZDA,MPV
MAZDA,MX-3
MAZDA,MX-5
MAZDA,MX-6
MAZDA,PREMACY
MAZDA,RX-7
MAZDA,RX-8
MAZDA,T-SERIE
MAZDA,TRIBUTE
MAZDA,XEDOS 6
MAZDA,XEDOS 9
MEGA,TJAFFER
MERCEDES-BENZ,1625
MERCEDES-BENZ,170
MERCEDES-BENZ,1717
MERCEDES-BENZ,190-SERIE
MERCEDES-BENZ,200-SERIE
MERCEDES-BENZ,206
MERCEDES-BENZ,230
MERCEDES-BENZ,250
MERCEDES-BENZ,260
MERCEDES-BENZ,280
MERCEDES-BENZ,300
MERCEDES-BENZ,306
MERCEDES-BENZ,307
MERCEDES-BENZ,310
MERCEDES-BENZ,350
MERCEDES-BENZ,380
MERCEDES-BENZ,406
MERCEDES-BENZ,407
MERCEDES-BENZ,408
MERCEDES-BENZ,409
MERCEDES-BENZ,410
MERCEDES-BENZ,508
MERCEDES-BENZ,608
MERCEDES-BENZ,609
MERCEDES-BENZ,814
MERCEDES-BENZ,A-KLASSE
MERCEDES-BENZ,ACTROS
MERCEDES-BENZ,ATEGO
MERCEDES-BENZ,B-KLASSE
MERCEDES-BENZ,C-KLASSE
MERCEDES-BENZ,CL
MERCEDES-BENZ,CL-KLASSE
MERCEDES-BENZ,CLC
MERCEDES-BENZ,CLK-KLASSE
MERCEDES-BENZ,CLS-KLASSE
MERCEDES-BENZ,E-KLASSE
MERCEDES-BENZ,G-KLASSE
MERCEDES-BENZ,GL-KLASSE
MERCEDES-BENZ,GLK-KLASSE
MERCEDES-BENZ,M-KLASSE
MERCEDES-BENZ,MB
MERCEDES-BENZ,R-KLASSE
MERCEDES-BENZ,S-KLASSE
MERCEDES-BENZ,SL
MERCEDES-BENZ,SLK
MERCEDES-BENZ,SLR MCLAREN
MERCEDES-BENZ,SLS AMG
MERCEDES-BENZ,SPRINTER
MERCEDES-BENZ,UNIMOG
MERCEDES-BENZ,V-KLASSE
MERCEDES-BENZ,VANEO
MERCEDES-BENZ,VARIO
MERCEDES-BENZ,VIANO
MERCEDES-BENZ,VITO
MERCURY,CAPRI
MERCURY,COUGAR
MERCURY,GRAND-MARQUIS
MERCURY,MARQUIS
MERCURY,MONT-CLAIR
MERCURY,SABLE
MERCURY,TRACER
MERCURY,VILLAGER
MERCURY,ZEPHYR
MG,BGT
MG,F
MG,MG T-SERIE
MG,MG Z-SERIE
MG,MGA-SERIE
MG,MGB-SERIE
MG,MGC-SERIE
MG,MGF
MG,MIDGET-SERIE
MG,RV8
MG,TD
MG,TF
MG,ZR
MG,ZS
MG,ZT
MICRO COMPACT CAR,SMART
MICROCAR,MC1
MICROCAR,MC2
MICROCAR,VIRGO
MINI,1000
MINI,1100
MINI,1300
MINI,850
MINI,CABRIO
MINI,CLUBMAN
MINI,COOPER
MINI,COOPER CLUBMAN
MINI,COOPER COUNTRYMAN
MINI,COOPER S
MINI,COOPER S CLUBMAN
MINI,COOPER S COUNTRYMAN
MINI,COUNTRYMAN
MINI,MINI
MITSUBISHI,3000 GT
MITSUBISHI,ASX
MITSUBISHI,CANTER
MITSUBISHI,CARISMA
MITSUBISHI,COLT
MITSUBISHI,CORDIA
MITSUBISHI,ECLIPSE
MITSUBISHI,FTO
MITSUBISHI,GALANT
MITSUBISHI,GRANDIS
MITSUBISHI,I-MIEV
MITSUBISHI,L200
MITSUBISHI,L300
MITSUBISHI,L400
MITSUBISHI,LANCER
MITSUBISHI,OUTLANDER
MITSUBISHI,OUTLANDER SPORT
MITSUBISHI,PAJERO
MITSUBISHI,PAJERO PININ
MITSUBISHI,PAJERO SPORT
MITSUBISHI,SAPPORO
MITSUBISHI,SIGMA
MITSUBISHI,SPACE GEAR
MITSUBISHI,SPACE RUNNER
MITSUBISHI,SPACE STAR
MITSUBISHI,SPACE WAGON
MITSUBISHI,STARION
MORGAN,4/4
MORGAN,PLUS
MORRIS,MARINA
MORRIS,MINOR
NEKAF,M38
NISSAN,100 NX
NISSAN,100NX
NISSAN,200 SX
NISSAN,240 SX
NISSAN,260
NISSAN,300 ZX
NISSAN,300ZX
NISSAN,350Z
NISSAN,370Z
NISSAN,ALMERA
NISSAN,ALMERA TINO
NISSAN,BLUEBIRD
NISSAN,CABSTAR
NISSAN,CHERRY
NISSAN,CUBE
NISSAN,FX35
NISSAN,FX45
NISSAN,GT-R
NISSAN,INTERSTAR
NISSAN,JUKE
NISSAN,KING CAB
NISSAN,KUBISTAR
NISSAN,LAUREL
NISSAN,LEAF
NISSAN,MAXIMA
NISSAN,MICRA
NISSAN,MURANO
NISSAN,NAVARA
NISSAN,NOTE
NISSAN,PATHFINDER
NISSAN,PATROL
NISSAN,PICK-UP
NISSAN,PIXO
NISSAN,PRAIRIE
NISSAN,PRESIDENT
NISSAN,PRIMASTAR
NISSAN,PRIMERA
NISSAN,QASHQAI
NISSAN,SENTRA
NISSAN,SERENA
NISSAN,SILVIA
NISSAN,SKYLINE
NISSAN,SUNNY
NISSAN,TERRANO
NISSAN,TITAN
NISSAN,TRADE
NISSAN,URVAN
NISSAN,VANETTE
NISSAN,X-TRAIL
NSU,RO 80
O-GARA COACH WORKS,CADILLAC FLEETWOOD
OLDSMOBILE,88
OLDSMOBILE,98
OLDSMOBILE,CUSTOM-CRUISER
OLDSMOBILE,CUTLASS
OLDSMOBILE,SILHOUETTE
OLDSMOBILE,TORONADO
OPEL,6
OPEL,ADAM
OPEL,ADMIRAL
OPEL,AGILA
OPEL,ANTARA
OPEL,ASCONA
OPEL,ASTRA
OPEL,BLITZ
OPEL,CALIBRA
OPEL,CAMPO
OPEL,COMBO
OPEL,COMMODORE
OPEL,CORSA
OPEL,DIPLOMAT
OPEL,FRONTERA
OPEL,GT
OPEL,INSIGNIA
OPEL,KADETT
OPEL,MANTA
OPEL,MERIVA
OPEL,MONTEREY
OPEL,MONZA
OPEL,MOVANO
OPEL,OLYMPIA
OPEL,OMEGA
OPEL,REKORD
OPEL,SENATOR
OPEL,SIGNUM
OPEL,SINTRA
OPEL,SPEEDSTER
OPEL,TIGRA
OPEL,TOUR
OPEL,VECTRA
OPEL,VIVARO
OPEL,ZAFIRA
PANTHER,KALLISTA
PEUGEOT,1007
PEUGEOT,104
PEUGEOT,106
PEUGEOT,106
PEUGEOT,107
PEUGEOT,201-C
PEUGEOT,204
PEUGEOT,205
PEUGEOT,206
PEUGEOT,207
PEUGEOT,280
PEUGEOT,290
PEUGEOT,3008
PEUGEOT,304
PEUGEOT,305
PEUGEOT,306
PEUGEOT,307
PEUGEOT,308
PEUGEOT,309
PEUGEOT,4007
PEUGEOT,403
PEUGEOT,404
PEUGEOT,405
PEUGEOT,406
PEUGEOT,406 SW
PEUGEOT,407
PEUGEOT,5
PEUGEOT,5008
PEUGEOT,504
PEUGEOT,505
PEUGEOT,508
PEUGEOT,604
PEUGEOT,605
PEUGEOT,607
PEUGEOT,806
PEUGEOT,807
PEUGEOT,BIPPER
PEUGEOT,BOXER
PEUGEOT,C4
PEUGEOT,EXPERT
PEUGEOT,ION
PEUGEOT,J5
PEUGEOT,PARTNER
PEUGEOT,RCZ
PGO,BR
PIAGGIO,APE
PIAGGIO,HEXAGON
PIAGGIO,M64
PIAGGIO,PORTER
PLYMOUTH,BREEZE
PLYMOUTH,FURY
PLYMOUTH,GRAND VOYAGER
PLYMOUTH,PROWLER
PLYMOUTH,VALIANT
PLYMOUTH,VAN
PLYMOUTH,VOYAGER
POLSKI FIAT,126
PONTIAC,BONNEVILLE
PONTIAC,FIERO
PONTIAC,FIREBIRD
PONTIAC,GRAND AM
PONTIAC,GRAND-PRIX
PONTIAC,GTO
PONTIAC,MONTANA
PONTIAC,SOLSTICE
PONTIAC,STARCHIEF
PONTIAC,SUNBIRD
PONTIAC,SUNFIRE
PONTIAC,TRANS AM
PONTIAC,TRANS SPORT
PORSCHE,356
PORSCHE,911
PORSCHE,912
PORSCHE,924
PORSCHE,928
PORSCHE,930
PORSCHE,944
PORSCHE,968
PORSCHE,986
PORSCHE,993
PORSCHE,996
PORSCHE,BOXSTER
PORSCHE,CARRERA GT
PORSCHE,CAYENNE
PORSCHE,CAYMAN
PORSCHE,PANAMERA
PROTON,PERSONA
QUATTRO,RS6
QVALE AUTOMOTIVE GRO,MANGUSTA
RELIANT,SCIMITAR
RENAULT,11
RENAULT,16
RENAULT,18
RENAULT,19
RENAULT,20
RENAULT,21
RENAULT,25
RENAULT,4
RENAULT,5
RENAULT,6
RENAULT,8
RENAULT,9
RENAULT,AVANTIME
RENAULT,B110-35
RENAULT,B120-35
RENAULT,CLIO
RENAULT,ESPACE
RENAULT,ESTAFETTE
RENAULT,EXPRESS
RENAULT,FLUENCE
RENAULT,FUEGO
RENAULT,GRAND-ESPACE
RENAULT,JUVA
RENAULT,KANGOO
RENAULT,KOLEOS
RENAULT,LAGUNA
RENAULT,M&ATILDE;&COPY;GANE
RENAULT,MAGNUM
RENAULT,MASCOTT
RENAULT,MASTER
RENAULT,MEGANE
RENAULT,MODUS
RENAULT,NEVADA
RENAULT,R10
RENAULT,S130
RENAULT,SAFRANE
RENAULT,SCENIC
RENAULT,TRAFIC
RENAULT,TWINGO
RENAULT,VEL SATIS
RENAULT,WIND
REO,M35A2C
REO,RAIDER
REO,ROYALE
REO,SPEED TANKER
REO,SPEED WAGON
ROLLS-ROYCE,CORNICHE
ROLLS-ROYCE,GHOST
ROLLS-ROYCE,PHANTOM
ROLLS-ROYCE,SALOON
ROLLS-ROYCE,SILVER-SHADOW
ROVER,100-SERIE
ROVER,200-SERIE
ROVER,200-SERIES
ROVER,25
ROVER,3-LITER
ROVER,3500
ROVER,400-SERIE
ROVER,400-SERIES
ROVER,45
ROVER,600-SERIE
ROVER,600-SERIES
ROVER,75
ROVER,800-SERIE
ROVER,ESTATE
ROVER,MGF
ROVER,MINI
ROVER,STREETWISE
ROVER,TOURER
SAAB,9-3
SAAB,9-5
SAAB,9-7
SAAB,9-7X
SAAB,900
SAAB,9000
SAAB,96
SAAB,99
SACHSENRING,TRABANT
SANTANA,DEFENDER
SATURN,SC2
SATURN,VUE
SCANIA,P94
SCANIA,R143
SEAT,ALHAMBRA
SEAT,ALTEA
SEAT,AROSA
SEAT,CORDOBA
SEAT,EXEO
SEAT,IBIZA
SEAT,INCA
SEAT,LEON
SEAT,MALAGA
SEAT,MARBELLA
SEAT,TERRA
SEAT,TERRA VAN
SEAT,TOLEDO
SIMCA,1100
SIMCA,1501
SIMCA,ARONDE
SIMPA,8
SIMPA,97
SKODA,105
SKODA,FABIA
SKODA,FAVORIT
SKODA,FELICIA
SKODA,FORMAN
SKODA,HIVO
SKODA,OCTAVIA
SKODA,PICK UP
SKODA,ROOMSTER
SKODA,SUPERB
SKODA,YETI
SMART,CABRIO
SMART,CITY-COUPE
SMART,CROSSBLADE
SMART,FORFOUR
SMART,FORTWO
SMART,ROADSTER
SMART,SMART
SPYKER,C8
SSANGYONG,ACTYON
SSANGYONG,KORANDO
SSANGYONG,KYRON
SSANGYONG,MUSSO
SSANGYONG,REXTON
SSANGYONG,RODIUS
STERKENS,VS
STEYR,P33
SUBARU,1600
SUBARU,1800
SUBARU,E-WAGON
SUBARU,FORESTER
SUBARU,IMPREZA
SUBARU,JUSTY
SUBARU,L-SERIE
SUBARU,LEGACY
SUBARU,MINI JUMBO
SUBARU,OUTBACK
SUBARU,SVX
SUBARU,TRIBECA
SUBARU,VIVIO
SUPERIOR,CADILLAC BROUGHAM
SUZUKI,ALTO
SUZUKI,BALENO
SUZUKI,CAPPUCCINO
SUZUKI,GRAND VITARA
SUZUKI,IGNIS
SUZUKI,JIMNY
SUZUKI,KIZASHI
SUZUKI,LIANA
SUZUKI,LJ80
SUZUKI,LTZ
SUZUKI,SAMURAI
SUZUKI,SC100
SUZUKI,SIDEKICK
SUZUKI,SPLASH
SUZUKI,SUPER CARRY
SUZUKI,SWIFT
SUZUKI,SX4
SUZUKI,VITARA
SUZUKI,WAGON R
SUZUKI,X-90
SYLVA,STRIKER
TALBOT,HORIZON
TALBOT,MATRA-MURENA
TALBOT,SAMBA
TASSO,C2D
TATA TELCO,INDICA
TATA TELCO,TELCOSPORT
TEC,360
TERBERG,FL-1350
TOYOTA,1000
TOYOTA,4RUNNER
TOYOTA,AURIS
TOYOTA,AVENSIS
TOYOTA,AVENSIS VERSO
TOYOTA,AYGO
TOYOTA,CAMRY
TOYOTA,CARINA
TOYOTA,CELICA
TOYOTA,CHALLENGER
TOYOTA,CHASER
TOYOTA,COROLLA
TOYOTA,COROLLA VERSO
TOYOTA,CRESSIDA
TOYOTA,CROWN
TOYOTA,DYNA
TOYOTA,FJ-CRUISER
TOYOTA,FUNCRUISER
TOYOTA,HIACE
TOYOTA,HILUX
TOYOTA,IQ
TOYOTA,LAND CRUISER
TOYOTA,LAND CRUISER 100
TOYOTA,LAND CRUISER V8
TOYOTA,LITEACE
TOYOTA,MR2
TOYOTA,PASEO
TOYOTA,PICNIC
TOYOTA,PREVIA
TOYOTA,PRIUS
TOYOTA,RAV4
TOYOTA,SIENNA
TOYOTA,SOARER
TOYOTA,STARLET
TOYOTA,SUPRA
TOYOTA,TERCEL
TOYOTA,TUNDRA
TOYOTA,URBAN CRUISER
TOYOTA,VERSO
TOYOTA,YARIS
TOYOTA,YARIS VERSO
TRABANT,P601
TRABANT,TRABANT
TRIUMPH,HERALD
TRIUMPH,SPITFIRE
TRIUMPH,STAG
TRIUMPH,TOLEDO
TRIUMPH,TR5
TRIUMPH,TR6
TRIUMPH,TR7
TVR,M-SERIES
VAN HOOL,809
VAN HOOL,TD927
VAUXHALL,ASTRA
VAUXHALL,CAVALIER
VOLKSWAGEN,1300
VOLKSWAGEN,181
VOLKSWAGEN,AMAROK
VOLKSWAGEN,BESTEL
VOLKSWAGEN,BORA
VOLKSWAGEN,BUGGY
VOLKSWAGEN,CADDY
VOLKSWAGEN,CALIFORNIA
VOLKSWAGEN,CARAVELLE
VOLKSWAGEN,CORRADO
VOLKSWAGEN,CRAFTER
VOLKSWAGEN,DERBY
VOLKSWAGEN,EOS
VOLKSWAGEN,FOX
VOLKSWAGEN,GOLF
VOLKSWAGEN,GOLF PLUS
VOLKSWAGEN,GOLF VARIANT
VOLKSWAGEN,JETTA
VOLKSWAGEN,KAMPEERAUTO
VOLKSWAGEN,KARMANN-GHIA
VOLKSWAGEN,KEVER
VOLKSWAGEN,KOMBI
VOLKSWAGEN,LT
VOLKSWAGEN,LUPO
VOLKSWAGEN,MICROBUS
VOLKSWAGEN,MR
VOLKSWAGEN,MULTIVAN
VOLKSWAGEN,NEW BEETLE
VOLKSWAGEN,NOVA
VOLKSWAGEN,PASSAT
VOLKSWAGEN,PHAETON
VOLKSWAGEN,PICKUP
VOLKSWAGEN,POLO
VOLKSWAGEN,RABBIT
VOLKSWAGEN,SANTANA
VOLKSWAGEN,SCIROCCO
VOLKSWAGEN,SHARAN
VOLKSWAGEN,TARO
VOLKSWAGEN,TIGUAN
VOLKSWAGEN,TOUAREG
VOLKSWAGEN,TOURAN
VOLKSWAGEN,TRANSPORTER
VOLKSWAGEN,VENTO
VOLKSWAGEN,WESTFALIA
VOLVO,120-SERIES
VOLVO,142
VOLVO,144
VOLVO,145
VOLVO,164
VOLVO,240
VOLVO,242
VOLVO,244
VOLVO,245
VOLVO,262
VOLVO,264
VOLVO,340
VOLVO,343
VOLVO,345
VOLVO,360
VOLVO,440
VOLVO,460
VOLVO,480
VOLVO,66
VOLVO,740
VOLVO,760
VOLVO,780
VOLVO,850
VOLVO,940
VOLVO,960
VOLVO,AMAZON
VOLVO,B59
VOLVO,C30
VOLVO,C70
VOLVO,F613
VOLVO,FL6
VOLVO,FL611
VOLVO,FL614
VOLVO,FM7
VOLVO,FS719
VOLVO,P1800
VOLVO,PV544
VOLVO,S40
VOLVO,S60
VOLVO,S70
VOLVO,S80
VOLVO,S90
VOLVO,V40
VOLVO,V50
VOLVO,V60
VOLVO,V70
VOLVO,V90
VOLVO,XC60
VOLVO,XC70
VOLVO,XC90
VW-PORSCHE,914
WARTBURG,311
WESTFIELD,SPORT
WIESMANN,MF3
XINGYUE,CITYROADSTER
XINLING,G-KART
